"","","","","ambient","resonance","ceramics","rhythm","","sound","","marbles","fubiz","","",""
"lovely","blue","ceramics","foxes","","","","","","","","","","","",""
"","","","","ambient","resonance","ceramics","rhythm","","sound","","marbles","fubiz","","",""
"","","","","ambient","resonance","ceramics","rhythm","","sound","","marbles","fubiz","","",""
"","","","","i’ve","throwing","today","here’s","currently","available","stock","ceramics","pottery","shopindie","",""
"","","","","ambient","resonance","ceramics","rhythm","","sound","","marbles","fubiz","","",""
"","","","","ambient","resonance","ceramics","rhythm","","sound","","marbles","fubiz","","",""
"","","","","ambient","resonance","ceramics","rhythm","","sound","","marbles","fubiz","","",""
"","","","","ambient","resonance","ceramics","rhythm","","sound","","marbles","fubiz","","",""
"","","animals","posted","today","baby","tapir","thank","much","hope","arrive","safely","tapirs","","",""
"","","","","ambient","resonance","ceramics","rhythm","","sound","","marbles","fubiz","","",""
"","smoothie","maker","blenders","sports","bottle","","","","home","design","homedecor","sale","","",""
"gray","ware","","piedra","district","","roberts","","plate","","ceramics","","","","",""
"","","","weeks","","keys","shop","","","popupshop","ceramics","","drawings","prin","",""
"","","","","","","","","","","","","","","",""
"","","","","","","","","","","","","","","",""
"","","","","","擦身而過","","","","","","","","","",""
"","","","","","","","","","","","","","","",""
