"","","look","beautiful","","water","master","material","","alireza","heidari","","","","","","","","",NA
"","","","hole","ceiling","canopy","mounting","","","colour","options","light","fixture","canopy","hardware","ligh","","","",NA
"","","look","beautiful","","water","master","material","","alireza","heidari","","","","","","","","",NA
"","","","made","","separate","distinct","materials","referred","","materials","know","","","","","","","",NA
"","","","malaysian","stocks","rubber","","","","","malaysia","materials","stocks","","rubber","plant","","","",NA
"","","","malaysian","stocks","steel","","","","malaysia","materials","stocks","steel","stainless","","refinery","","","",NA
"","","","","stocks","copper","","","","vietnam","materials","stocks","investing","copper","mining","","","","",NA
"","","look","beautiful","","water","master","material","","alireza","heidari","","","","","","","","",NA
"","","look","beautiful","","water","master","material","","alireza","heidari","","","","","","","","",NA
"","","look","beautiful","","water","master","material","","alireza","heidari","","","","","","","","",NA
"","","look","beautiful","","water","master","material","","alireza","heidari","","","","","","","","",NA
"","","look","beautiful","","water","master","material","","alireza","heidari","","","","","","","","",NA
"","","substance","designer","beginner","quick","","","lightning","effects","gif's","effect","answer","post","","","","","",NA
"","","look","beautiful","","water","master","material","","alireza","heidari","","","","","","","","",NA
"","","","chinese","stocks","permanent","magnets","","","","china","","stocks","magnetic","materials","magnets","","","",NA
