"","","","عنوان","ویرایشگر","مهمان","ژورنال","معتبر","پلیمر","ازهمه","دوستان","اساتید","","دانشمندان","فعال","","زمینه","پلیمر‌ها","","","برای","",NA
"","","","عنوان","ویرایشگر","مهمان","ژورنال","معتبر","پلیمر","ازهمه","دوستان","اساتید","","دانشمندان","فعال","","زمینه","پلیمر‌ها","","","برای","",NA
"","polymers","","","others","arrested","vizag","","leak","window","news","","","","","polymers","","","","","","",NA
"","commodity","polymers","","polymers","","","","","","","","","","","","","","","","","",NA
"","","","","step","within","workflow","come","join","andré","","striegel","national","institute","standards","","techn","","","","","",NA
"","","","synthesis","","","","","","john","chaput","","team","ucich","","","","","","","","",NA
"","ntmdt","","spheres","coated","golden","film","","imaging","done","automatic","mode","means","scant","size","","","","","image","","",NA
"","","","synthesis","","","","","","john","chaput","","team","ucich","","","","","","","","",NA
"","commodity","polymers","","polymers","","","","","","","","","","","","","","","","","",NA
"","synthesis","","","","","","john","chaput","","team","","","","","","","","","","","",NA
"","","","bulletin","glove","uses","three","types","actuators","sense","texture","roughness","hardness","","","","","","","","","",NA
"","","","","chemical","","","industry","","global","polymer","polyme","","","","","","","","","","",NA
"","","","","guys","just","completed","","video","channel","keep","showing","support","","liking","","","","","","","",NA
"","","guys","just","completed","","video","channel","keep","showing","support","","liking","","","","","","","","","",NA
"","ntmdt","","spheres","coated","golden","film","","imaging","done","automatic","mode","means","scant","size","","","","","image","","",NA
