"","malekardr","treatment","involves","testing","different","methods","improve","delivery","mrna","cancer","cells","methods","based","eithe","","","",NA
"","nanowerk","","","found","close","ideal","","quantum","hall","platform","","","","","","","",NA
"","fortivus","fast","charging","high","capacity","nanomesh","based","cathodes","","","batteries","","","","","","",NA
"","","hiring","nanosys","open","positions","","","","","including","senior","chemical","engineer","chemical","","","",NA
"destroy","virus","","","","covid","","","biology","","indiedev","","","","","","","",NA
"","","register","","","","bepharma","mexico","pharma","","","health","","","","","","",NA
"carbon","nanotube","concrete","additive","company","eden","","","made","first","","sale","edencrete","","","","","",NA
"","diffusion","","","open","","system","","","","","","","","","","","",NA
"","urylle","people","","jump","away","beam","","wherever","system","operator","pushes","","","militar","","","",NA
"","","","good","","","","nanobots","","","qanons","","","","","","","",NA
"","urylle","people","","jump","away","beam","","wherever","system","operator","pushes","","","militar","","","",NA
"","","free","park","systems","webinar","","creating","nanometer","sized","","ease","july","","","webinar","","",NA
"free","park","systems","webinar","","creating","nanometer","sized","","ease","july","","","webinar","","","","",NA
"","","join","","thursday","evening","","","informal","virtual","meet","greet","fellow","","nanoscien","","","",NA
"","","hiring","nanosys","open","positions","","","","","including","senior","chemical","engineer","chemical","","","",NA
